/* DATA MIGRATION INITIAL */

INSERT INTO devicestatus (id, name, value)
VALUES ('1', 'setupcomplete', '0');


INSERT INTO textblocks ('id',
                          'short')
VALUES ('1', 'devn'),
       ('2', 'devv'),
       ('3', 'snr'),
       ('4', 'bj'),
       ('5', 'fwv'),
       ('6', 'kvb1'),
       ('7', 'kvb2'),
       ('8', 'kvb3'),
       ('9', 'kvb4'),
       ('10', 'kvb5'),
       ('11', 'kvc1'),
       ('12', 'kvc2'),
       ('13', 'kvc3'),
       ('14', 'kvc4'),
       ('15', 'kvc5'),
       ('16', 'noerr'),
       ('17', 'blnk'),
       ('18', 'cksmfw'),
       ('19', 'ecksmfw'),
       ('20', 'rprsrv'),
       ('21', 'flsh'),
       ('22', 'eflsh'),
       ('23', 'cksmgp'),
       ('24', 'ecksmgp'),
       ('25', 'strg'),
       ('26', 'estrg'),
       ('27', 'sysn'),
       ('28', 'sysnr'),
       ('29', 'rtcsnc'),
       ('30', 'mdbcn'),
       ('31', 'emdbcn'),
       ('32', 'mbsid'),
       ('33', 'mbbr'),
       ('34', 'mbpr'),
       ('35', 'mbdb'),
       ('36', 'mbsb'),
       ('37', 'btnrght'),
       ('38', 'btnlft'),
       ('39', 'btnup'),
       ('40', 'btndwn'),
       ('41', 'btnesc'),
       ('42', 'btnentr'),
       ('43', 'btnmstrt'),
       ('44', 'btnmend'),
       ('45', 'swsrvc'),
       ('46', 'swcal'),
       ('47', 'scsid'),
       ('48', 'scbr'),
       ('49', 'scpr'),
       ('50', 'scdb'),
       ('51', 'scsb');

INSERT INTO translations ('id',
                          'loc',
                          'trans')
VALUES ('1	', 'de', 'Gerätename'),
       ('2	', 'de', 'Gerätevariante'),
       ('3	', 'de', 'Seriennummer'),
       ('4	', 'de', 'Baujahr'),
       ('5	', 'de', 'Firmwareversion'),
       ('6	', 'de', 'Konstante b1 Virialgleichung Normbedingungen'),
       ('7	', 'de', 'Konstante b2 Virialgleichung Normbedingungen'),
       ('8	', 'de', 'Konstante b3 Virialgleichung Normbedingungen'),
       ('9	', 'de', 'Konstante b4 Virialgleichung Normbedingungen'),
       ('10', 'de', 'Konstante b5 Virialgleichung Normbedingungen'),
       ('11', 'de', 'Konstante c1 Virialgleichung Normbedingungen'),
       ('12', 'de', 'Konstante c2 Virialgleichung Normbedingungen'),
       ('13', 'de', 'Konstante c3 Virialgleichung Normbedingungen'),
       ('14', 'de', 'Konstante c4 Virialgleichung Normbedingungen'),
       ('15', 'de', 'Konstante c5 Virialgleichung Normbedingungen'),
       ('16', 'de', 'Kein Fehler '),
       ('17', 'de', ''),
       ('18', 'de', 'CKSM FW'),
       ('19', 'de', 'Fehler Prüfsumme Firmware'),
       ('20', 'de', 'Reparatur im Servicezentrum'),
       ('21', 'de', 'Flash'),
       ('22', 'de', 'Fehler Flash-Speicher'),
       ('23', 'de', 'CKSM GP'),
       ('24', 'de', 'Fehler Prüfsumme Geräteparameter'),
       ('25', 'de', 'Speicher'),
       ('26', 'de', 'Fehler Gerätespeicher'),
       ('27', 'de', 'Anlagenname'),
       ('28', 'de', 'Anlagennummer'),
       ('29', 'de', 'Synchronisierungsfehler RTC'),
       ('30', 'de', 'Modbus Verbindung'),
       ('31', 'de', 'Fehler Modbus Verbindung'),
       ('32', 'de', 'Slave-Id'),
       ('33', 'de', 'Modbus Baudrate'),
       ('34', 'de', 'Modbus Parität'),
       ('35', 'de', 'Modbus Datenbits'),
       ('36', 'de', 'Modbus Stoppbit'),
       ('37', 'de', 'Knopf rechts'),
       ('38', 'de', 'Knopf links'),
       ('39', 'de', 'Knopf hoch'),
       ('40', 'de', 'Knopf runter'),
       ('41', 'de', 'Knopf zurück'),
       ('42', 'de', 'Knopf eingabe'),
       ('43', 'de', 'Knopf Messung start'),
       ('44', 'de', 'Knopf Messung ende'),
       ('45', 'de', 'Service Schalter'),
       ('46', 'de', 'Kalibrier Schalter'),
       ('47', 'de', 'Waageninterface slave-id'),
       ('48', 'de', 'Waageninterface Modbus Baudrate'),
       ('49', 'de', 'Waageninterface Modbus Parität'),
       ('50', 'de', 'Waageninterface Modbus Datenbits'),
       ('51', 'de', 'Waageninterface Modbus Stoppbit'),
       ('1', 'en ', 'Device name'),
       ('2', 'en ', 'Device variant'),
       ('3', 'en ', 'Serial number'),
       ('4', 'en ', 'Year of manufacture'),
       ('5', 'en ', 'Firmware version'),
       ('6', 'en ', 'TBD'),
       ('7', 'en ', 'TBD'),
       ('8', 'en ', 'TBD'),
       ('9', 'en ', 'TBD'),
       ('10', 'en', 'TBD'),
       ('11', 'en', 'TBD'),
       ('12', 'en', 'TBD'),
       ('13', 'en', 'TBD'),
       ('14', 'en', 'TBD'),
       ('15', 'en', 'TBD'),
       ('16', 'en', 'No Errors'),
       ('17', 'en', ''),
       ('18', 'en', 'CKSM FW'),
       ('19', 'en', 'Error checksum firmware'),
       ('20', 'en', 'Repair in service-center'),
       ('21', 'en', 'Flash'),
       ('22', 'en', 'Error flash-storage'),
       ('23', 'en', 'CKSM GP'),
       ('24', 'en', 'Error checksum device-parameter'),
       ('25', 'en', 'Storage'),
       ('26', 'en', 'Error device-storage'),
       ('27', 'en', 'System name'),
       ('28', 'en', 'System number'),
       ('29', 'en', 'Synchronisation error RTC'),
       ('30', 'en', 'Modbus connection'),
       ('31', 'en', 'Error modbus connection'),
       ('32', 'en', 'Slave-id'),
       ('33', 'en', 'Modbus baudrate'),
       ('34', 'en', 'Modbus parity'),
       ('35', 'en', 'Modbus databits'),
       ('36', 'en', 'Modbus stopbit'),
       ('37', 'en', 'Button right'),
       ('38', 'en', 'Button left'),
       ('39', 'en', 'Button up'),
       ('40', 'en', 'Button down'),
       ('41', 'en', 'Button escape'),
       ('42', 'en', 'Button enter'),
       ('43', 'en', 'Button start measurement'),
       ('44', 'en', 'Button end measurement'),
       ('45', 'en', 'Service switch'),
       ('46', 'en', 'Calibration switch'),
       ('47', 'en', 'Scale interface slave-id'),
       ('48', 'en', 'Scale interface modbus baudrate'),
       ('49', 'en', 'Scale interface modbus parity'),
       ('50', 'en', 'Scale interface modbus databits'),
       ('51', 'en', 'Scale interface modbus stopbit');

INSERT INTO datatypes ('name')
VALUES ('int'),
       ('long'),
       ('string'),
       ('bool'),
       ('float'),
       ('char');

INSERT INTO 'params' ('nr',
                      'shortdescr',
                      'fk_description',
                      'datatype',
                      'unit',
                      'rolerestriction',
                      'switchrestriction')
VALUES ('1', 'G-N', 'devn', '3', NULL, '2', '0'),
       ('2', 'G-V', 'devv', '3', NULL, '2', '0'),
       ('3', 'G-SNR', 'snr', '1', NULL, '2', '0'),
       ('4', 'G-BJ', 'bj', '1', NULL, '2', '0'),
       ('5', 'G-FW', 'fwv', '3', NULL, '2', '1'),
       ('6', 'A-N', 'sysn', '3', NULL, '3', '0'),
       ('7', 'A-NR', 'sysnr', '3', NULL, '3', '0'),

       ('8', 'MB-B', 'mbbr', '1', NULL, '2', '0'),
       ('9', 'MB-P', 'mbpr', '6', NULL, '2', '0'),
       ('10', 'MB-DB', 'mbdb', '1', NULL, '2', '0'),
       ('11', 'MB-SB', 'mbsb', '1', NULL, '2', '0'),
       ('12', 'MB-SID', 'mbsid', '1', NULL, '2', '0'),

       ('13', 'SC-B', 'scbr', '1', NULL, '2', '0'),
       ('14', 'SC-P', 'scpr', '6', NULL, '2', '0'),
       ('15', 'SC-DB', 'scdb', '1', NULL, '2', '0'),
       ('16', 'SC-SB', 'scsb', '1', NULL, '2', '0'),
       ('17', 'SC-SID', 'scsid', '1', NULL, '2', '0'),
       ('18', 'SC-AC', 'scac', '4', NULL, '2', '0'),

       ('20', 'BT-R', 'btnrght', '1', NULL, '2', '0'),
       ('21', 'BT-L', 'btnlft', '1', NULL, '2', '0'),
       ('22', 'BT-U', 'btnup', '1', NULL, '2', '0'),
       ('23', 'BT-D', 'btndwn', '1', NULL, '2', '0'),
       ('24', 'BT-ESC', 'btnesc', '1', NULL, '2', '0'),
       ('25', 'BT-ENTR', 'btnentr', '1', NULL, '2', '0'),
       ('26', 'BT-MSTRT', 'btnmstrt', '1', NULL, '2', '0'),
       ('27', 'BT-MEND', 'btnmend', '1', NULL, '2', '0'),

       ('28', 'SW-SRVC', 'swsrvc', '1', NULL, '2', '0'),
       ('29', 'SW-SCAL', 'swcal', '1', NULL, '2', '0'),

       ('50', 'G-SPR', 'devlan', '3', NULL, '2', '0'),

       ('4751', 'b1', 'kvb1', '5', NULL, '2', '1'),
       ('4752', 'b2', 'kvb2', '5', NULL, '2', '1'),
       ('4753', 'b3', 'kvb3', '5', NULL, '2', '1'),
       ('4754', 'b4', 'kvb4', '5', NULL, '2', '1'),
       ('4755', 'b5', 'kvb5', '5', NULL, '2', '1'),
       ('4761', 'c1', 'kvc1', '5', NULL, '2', '1'),
       ('4762', 'c2', 'kvc2', '5', NULL, '2', '1'),
       ('4763', 'c3', 'kvc3', '5', NULL, '2', '1'),
       ('4764', 'c4', 'kvc4', '5', NULL, '2', '1'),
       ('4765', 'c5', 'kvc5', '5', NULL, '2', '1');

INSERT INTO 'paramstate' ('fk_param',
                          'fk_user',
                          'timeset',
                          'value')
VALUES ('1', '1', '0', 'Eschi1'),
       ('2', '1', '0', 'Prototyp-Virtual'),
       ('3', '1', '0', '123'),
       ('4', '1', '0', '2022'),
       ('5', '1', '0', '0.1'),
       ('6', '1', '0', 'Prototyp-Teststand'),
       ('7', '1', '0', '1'),

       ('8', '1', '0', '9600'),
       ('9', '1', '0', 'N'),
       ('10', '1', '0', '8'),
       ('11', '1', '0', '1'),
       ('12', '1', '0', '1'),

       ('13', '1', '0', '19200'),
       ('14', '1', '0', 'N'),
       ('15', '1', '0', '8'),
       ('16', '1', '0', '1'),
       ('17', '1', '0', '2'),
       ('18', '1', '0', '0'),

       ('20', '1', '0', '6'),
       ('21', '1', '0', '7'),
       ('22', '1', '0', '8'),
       ('23', '1', '0', '9'),
       ('24', '1', '0', '10'),
       ('25', '1', '0', '11'),

       ('26', '1', '0', '12'),
       ('27', '1', '0', '13'),
       ('28', '1', '0', '14'),
       ('29', '1', '0', '15'),

       ('50', '1', '0', 'de'),

       ('4751', '1', '0', '-8.30756E-05'),
       ('4752', '1', '0', '0.406082149'),
       ('4753', '1', '0', '-1.55851E-07'),
       ('4754', '1', '0', '-75.25431103'),
       ('4755', '1', '0', '5338.826845'),
       ('4761', '1', '0', '5.03296E-06'),
       ('4762', '1', '0', '-0.002609038'),
       ('4763', '1', '0', '-3.58268E-09'),
       ('4764', '1', '0', '0.57287507'),
       ('4765', '1', '0', '-40.44092368');

INSERT INTO 'usergroups' ('id',
                          'name')
VALUES ('1', 'user'),
       ('2', 'service'),
       ('3', 'calibration');


INSERT INTO 'users' ('username',
                     'passwordhash',
                     'fk_usergroup',
                     'lastlogin')
VALUES ( 'builtin', '16455248851211740340', '3', '0' ),
       ( 'test', '16455248851211740340', '3', '0' );

INSERT INTO 'errors' ('errorcode',
                      'fk_shortdescr',
                      'fk_possiblecause',
                      'fk_fixby')
VALUES ('E000', 'blnk', 'noerr', 'blnk'),
       ('E001', 'cksmfw', 'ecksmfw', 'rprsrv'),
       ('E002', 'flsh', 'eflsh', 'rprsrv'),
       ('E003', 'cksmgp', 'ecksmgp', 'rprsrv'),
       ('E004', 'rtcsnc', 'estrg', 'rprsrv'),
       ('E016', 'emdbcn', '0', '0'),

       /* Error codes for initial setup */
       ('E100', 'errsps', '0', '0'), /* sensors */
       ('E101', 'errspc', '0', '0'), /* cascades */
       ('E102', 'errspb', '0', '0') /* bottles */
;

INSERT INTO 'warnings' ('warningcode',
                        'fk_shortdescr',
                        'fk_possiblecause')
VALUES ('W000', 'blnk', 'noerr'),
       ('W001', 'cksmfw', 'ecksmfw'),
       ('W002', 'flsh', 'eflsh');

INSERT INTO 'hardwareprotocols' (id,
                                 name,
                                 rawvaluemax,
                                 rawvaluemin)
VALUES ('1', 'HART',    '20', '4' ),
       ('2', 'VIRT',    '0',  '0' ),
       ('3', '1WIRE',   '0',  '0' ),
       ('4', 'AXL_HART','0',  '0' );

INSERT INTO 'occurrederrors' ('fk_error',
                      'occurred_timestamp',
                      'fk_hardwareinterface',
                      'fk_user',
                      'resolved_timestamp')
VALUES ('1', '2024-03-13 14:10:45', '0', '0', ''),
       ('2', '2024-03-14 10:31:45', '0', '0', ''),
       ('3', '2024-03-14 10:31:45', '0', '0', '');

INSERT INTO 'occurredwarnings' ('fk_warning',
                      'occurred_timestamp',
                      'fk_hardwareinterface',
                      'fk_user',
                      'resolved_timestamp')
VALUES ('1', '2024-03-13 14:10:45', '0', '0', ''),
       ('2', '2024-03-14 10:31:45', '0', '0', ''),
       ('3', '2024-03-15 21:36:45', '0', '0', '');

INSERT INTO 'archive' ('nr',
                      'shortdescr',
                      'fk_description',
                      'datatype',
                      'unit',
                      'rolerestriction',
                      'switchrestriction')
VALUES ('1', 'G-N', 'devn', '3', NULL, '2', '0'),
       ('2', 'G-V', 'devv', '3', NULL, '2', '0'),
       ('3', 'G-SNR', 'snr', '1', NULL, '2', '0'),
       ('4', 'G-BJ', 'bj', '1', NULL, '2', '0'),
       ('5', 'G-FW', 'fwv', '3', NULL, '2', '1'),
       ('6', 'A-N', 'sysn', '3', NULL, '3', '0'),
       ('7', 'A-NR', 'sysnr', '3', NULL, '3', '0'),

       ('8', 'MB-B', 'mbbr', '1', NULL, '2', '0'),
       ('9', 'MB-P', 'mbpr', '6', NULL, '2', '0'),
       ('10', 'MB-DB', 'mbdb', '1', NULL, '2', '0'),
       ('11', 'MB-SB', 'mbsb', '1', NULL, '2', '0'),
       ('12', 'MB-SID', 'mbsid', '1', NULL, '2', '0'),

       ('13', 'SC-B', 'scbr', '1', NULL, '2', '0'),
       ('14', 'SC-P', 'scpr', '6', NULL, '2', '0'),
       ('15', 'SC-DB', 'scdb', '1', NULL, '2', '0'),
       ('16', 'SC-SB', 'scsb', '1', NULL, '2', '0'),
       ('17', 'SC-SID', 'scsid', '1', NULL, '2', '0'),
       ('18', 'SC-AC', 'scac', '4', NULL, '2', '0'),

       ('20', 'BT-R', 'btnrght', '1', NULL, '2', '0'),
       ('21', 'BT-L', 'btnlft', '1', NULL, '2', '0'),
       ('22', 'BT-U', 'btnup', '1', NULL, '2', '0'),
       ('23', 'BT-D', 'btndwn', '1', NULL, '2', '0'),
       ('24', 'BT-ESC', 'btnesc', '1', NULL, '2', '0'),
       ('25', 'BT-ENTR', 'btnentr', '1', NULL, '2', '0'),
       ('26', 'BT-MSTRT', 'btnmstrt', '1', NULL, '2', '0'),
       ('27', 'BT-MEND', 'btnmend', '1', NULL, '2', '0'),

       ('28', 'SW-SRVC', 'swsrvc', '1', NULL, '2', '0'),
       ('29', 'SW-SCAL', 'swcal', '1', NULL, '2', '0'),

       ('50', 'G-SPR', 'devlan', '3', NULL, '2', '0'),

       ('4751', 'b1', 'kvb1', '5', NULL, '2', '1'),
       ('4752', 'b2', 'kvb2', '5', NULL, '2', '1'),
       ('4753', 'b3', 'kvb3', '5', NULL, '2', '1'),
       ('4754', 'b4', 'kvb4', '5', NULL, '2', '1'),
       ('4755', 'b5', 'kvb5', '5', NULL, '2', '1'),
       ('4761', 'c1', 'kvc1', '5', NULL, '2', '1'),
       ('4762', 'c2', 'kvc2', '5', NULL, '2', '1'),
       ('4763', 'c3', 'kvc3', '5', NULL, '2', '1'),
       ('4764', 'c4', 'kvc4', '5', NULL, '2', '1'),
       ('4765', 'c5', 'kvc5', '5', NULL, '2', '1');